Page URL,Broken Link URL,HTTP Code,Discovered
https://wallpapers.want.foundation/,https://wallpapers.want.foundation/cdn-cgi/l/email-protection,404,04 Oct 2026 (21:06 UTC)
https://wallpapers.want.foundation/collections/,https://wallpapers.want.foundation/cdn-cgi/l/email-protection,404,04 Oct 2026 (21:06 UTC)
https://wallpapers.want.foundation/collections/contours-of-silence/,https://wallpapers.want.foundation/cdn-cgi/l/email-protection,404,04 Oct 2026 (21:06 UTC)
https://wallpapers.want.foundation/collections/path-to-the-light/,https://wallpapers.want.foundation/cdn-cgi/l/email-protection,404,04 Oct 2026 (21:06 UTC)
https://wallpapers.want.foundation/collections/woven-spectrum/,https://wallpapers.want.foundation/cdn-cgi/l/email-protection,404,04 Oct 2026 (21:06 UTC)
https://wallpapers.want.foundation/contact/,https://wallpapers.want.foundation/cdn-cgi/l/email-protection,404,04 Oct 2026 (21:06 UTC)
https://wallpapers.want.foundation/cookies/,https://wallpapers.want.foundation/cdn-cgi/l/email-protection,404,04 Oct 2026 (21:06 UTC)
https://wallpapers.want.foundation/feedback/,https://wallpapers.want.foundation/cdn-cgi/l/email-protection,404,04 Oct 2026 (21:06 UTC)
https://wallpapers.want.foundation/license/,https://wallpapers.want.foundation/cdn-cgi/l/email-protection,404,04 Oct 2026 (21:06 UTC)
https://wallpapers.want.foundation/privacy/,https://wallpapers.want.foundation/cdn-cgi/l/email-protection,404,04 Oct 2026 (21:06 UTC)
https://wallpapers.want.foundation/pt-br/,https://wallpapers.want.foundation/cdn-cgi/l/email-protection,404,04 Oct 2026 (21:06 UTC)
https://wallpapers.want.foundation/pt-br/collections/contours-of-silence/,https://wallpapers.want.foundation/cdn-cgi/l/email-protection,404,04 Oct 2026 (21:06 UTC)
https://wallpapers.want.foundation/pt-br/collections/woven-spectrum/,https://wallpapers.want.foundation/cdn-cgi/l/email-protection,404,04 Oct 2026 (21:06 UTC)
https://wallpapers.want.foundation/pt-br/contact/,https://wallpapers.want.foundation/cdn-cgi/l/email-protection,404,04 Oct 2026 (21:06 UTC)
https://wallpapers.want.foundation/pt-br/cookies/,https://wallpapers.want.foundation/cdn-cgi/l/email-protection,404,04 Oct 2026 (21:06 UTC)
https://wallpapers.want.foundation/pt-br/license/,https://wallpapers.want.foundation/cdn-cgi/l/email-protection,404,04 Oct 2026 (21:06 UTC)
https://wallpapers.want.foundation/pt-br/privacy/,https://wallpapers.want.foundation/cdn-cgi/l/email-protection,404,04 Oct 2026 (21:06 UTC)
https://wallpapers.want.foundation/pt-br/search/,https://wallpapers.want.foundation/cdn-cgi/l/email-protection,404,04 Oct 2026 (21:06 UTC)
https://wallpapers.want.foundation/pt-br/terms/,https://wallpapers.want.foundation/cdn-cgi/l/email-protection,404,04 Oct 2026 (21:06 UTC)
https://wallpapers.want.foundation/pt-br/wallpapers/contours-of-silence-5/,https://wallpapers.want.foundation/cdn-cgi/l/email-protection,404,04 Oct 2026 (21:06 UTC)
https://wallpapers.want.foundation/pt-br/wallpapers/path-to-the-light-1/,https://wallpapers.want.foundation/cdn-cgi/l/email-protection,404,04 Oct 2026 (21:06 UTC)
https://wallpapers.want.foundation/ru/,https://wallpapers.want.foundation/cdn-cgi/l/email-protection,404,04 Oct 2026 (21:06 UTC)
https://wallpapers.want.foundation/ru/collections/,https://wallpapers.want.foundation/cdn-cgi/l/email-protection,404,04 Oct 2026 (21:06 UTC)
https://wallpapers.want.foundation/ru/collections/contours-of-silence/,https://wallpapers.want.foundation/cdn-cgi/l/email-protection,404,04 Oct 2026 (21:06 UTC)
https://wallpapers.want.foundation/ru/collections/path-to-the-light/,https://wallpapers.want.foundation/cdn-cgi/l/email-protection,404,04 Oct 2026 (21:06 UTC)
https://wallpapers.want.foundation/ru/collections/woven-spectrum/,https://wallpapers.want.foundation/cdn-cgi/l/email-protection,404,04 Oct 2026 (21:06 UTC)
https://wallpapers.want.foundation/ru/contact/,https://wallpapers.want.foundation/cdn-cgi/l/email-protection,404,04 Oct 2026 (21:06 UTC)
https://wallpapers.want.foundation/ru/cookies/,https://wallpapers.want.foundation/cdn-cgi/l/email-protection,404,04 Oct 2026 (21:06 UTC)
https://wallpapers.want.foundation/ru/feedback/,https://wallpapers.want.foundation/cdn-cgi/l/email-protection,404,04 Oct 2026 (21:06 UTC)
https://wallpapers.want.foundation/ru/license/,https://wallpapers.want.foundation/cdn-cgi/l/email-protection,404,04 Oct 2026 (21:06 UTC)
https://wallpapers.want.foundation/ru/privacy/,https://wallpapers.want.foundation/cdn-cgi/l/email-protection,404,04 Oct 2026 (21:06 UTC)
https://wallpapers.want.foundation/ru/search/,https://wallpapers.want.foundation/cdn-cgi/l/email-protection,404,04 Oct 2026 (21:06 UTC)
https://wallpapers.want.foundation/ru/terms/,https://wallpapers.want.foundation/cdn-cgi/l/email-protection,404,04 Oct 2026 (21:06 UTC)
https://wallpapers.want.foundation/ru/wallpapers/contours-of-silence-1/,https://wallpapers.want.foundation/cdn-cgi/l/email-protection,404,04 Oct 2026 (21:06 UTC)
https://wallpapers.want.foundation/ru/wallpapers/contours-of-silence-11/,https://wallpapers.want.foundation/cdn-cgi/l/email-protection,404,04 Oct 2026 (21:06 UTC)
https://wallpapers.want.foundation/ru/wallpapers/contours-of-silence-5/,https://wallpapers.want.foundation/cdn-cgi/l/email-protection,404,04 Oct 2026 (21:06 UTC)
https://wallpapers.want.foundation/ru/wallpapers/path-to-the-light-1/,https://wallpapers.want.foundation/cdn-cgi/l/email-protection,404,04 Oct 2026 (21:06 UTC)
https://wallpapers.want.foundation/ru/wallpapers/path-to-the-light-3/,https://wallpapers.want.foundation/cdn-cgi/l/email-protection,404,04 Oct 2026 (21:06 UTC)
https://wallpapers.want.foundation/ru/wallpapers/woven-spectrum-1/,https://wallpapers.want.foundation/cdn-cgi/l/email-protection,404,04 Oct 2026 (21:06 UTC)
https://wallpapers.want.foundation/ru/wallpapers/woven-spectrum-4/,https://wallpapers.want.foundation/cdn-cgi/l/email-protection,404,04 Oct 2026 (21:06 UTC)
https://wallpapers.want.foundation/search/,https://wallpapers.want.foundation/cdn-cgi/l/email-protection,404,04 Oct 2026 (21:06 UTC)
https://wallpapers.want.foundation/search/?category=fantasy,https://wallpapers.want.foundation/cdn-cgi/l/email-protection,404,04 Oct 2026 (21:06 UTC)
https://wallpapers.want.foundation/search/?q=city,https://wallpapers.want.foundation/cdn-cgi/l/email-protection,404,04 Oct 2026 (21:06 UTC)
https://wallpapers.want.foundation/search/?q=colour,https://wallpapers.want.foundation/cdn-cgi/l/email-protection,404,04 Oct 2026 (21:06 UTC)
https://wallpapers.want.foundation/search/?q=journey,https://wallpapers.want.foundation/cdn-cgi/l/email-protection,404,04 Oct 2026 (21:06 UTC)
https://wallpapers.want.foundation/search/?q=light,https://wallpapers.want.foundation/cdn-cgi/l/email-protection,404,04 Oct 2026 (21:06 UTC)
https://wallpapers.want.foundation/search/?q=night,https://wallpapers.want.foundation/cdn-cgi/l/email-protection,404,04 Oct 2026 (21:06 UTC)
https://wallpapers.want.foundation/search/?q=portal,https://wallpapers.want.foundation/cdn-cgi/l/email-protection,404,04 Oct 2026 (21:06 UTC)
https://wallpapers.want.foundation/search/?q=stone,https://wallpapers.want.foundation/cdn-cgi/l/email-protection,404,04 Oct 2026 (21:06 UTC)
https://wallpapers.want.foundation/search/?q=sun,https://wallpapers.want.foundation/cdn-cgi/l/email-protection,404,04 Oct 2026 (21:06 UTC)
https://wallpapers.want.foundation/terms/,https://wallpapers.want.foundation/cdn-cgi/l/email-protection,404,04 Oct 2026 (21:06 UTC)
https://wallpapers.want.foundation/wallpapers/contours-of-silence-1/,https://wallpapers.want.foundation/cdn-cgi/l/email-protection,404,04 Oct 2026 (21:06 UTC)
https://wallpapers.want.foundation/wallpapers/contours-of-silence-10/,https://wallpapers.want.foundation/cdn-cgi/l/email-protection,404,04 Oct 2026 (21:06 UTC)
https://wallpapers.want.foundation/wallpapers/contours-of-silence-11/,https://wallpapers.want.foundation/cdn-cgi/l/email-protection,404,04 Oct 2026 (21:06 UTC)
https://wallpapers.want.foundation/wallpapers/contours-of-silence-12/,https://wallpapers.want.foundation/cdn-cgi/l/email-protection,404,04 Oct 2026 (21:06 UTC)
https://wallpapers.want.foundation/wallpapers/contours-of-silence-13/,https://wallpapers.want.foundation/cdn-cgi/l/email-protection,404,04 Oct 2026 (21:06 UTC)
https://wallpapers.want.foundation/wallpapers/contours-of-silence-14/,https://wallpapers.want.foundation/cdn-cgi/l/email-protection,404,04 Oct 2026 (21:06 UTC)
https://wallpapers.want.foundation/wallpapers/contours-of-silence-15/,https://wallpapers.want.foundation/cdn-cgi/l/email-protection,404,04 Oct 2026 (21:06 UTC)
https://wallpapers.want.foundation/wallpapers/contours-of-silence-2/,https://wallpapers.want.foundation/cdn-cgi/l/email-protection,404,04 Oct 2026 (21:06 UTC)
https://wallpapers.want.foundation/wallpapers/contours-of-silence-3/,https://wallpapers.want.foundation/cdn-cgi/l/email-protection,404,04 Oct 2026 (21:06 UTC)
https://wallpapers.want.foundation/wallpapers/contours-of-silence-4/,https://wallpapers.want.foundation/cdn-cgi/l/email-protection,404,04 Oct 2026 (21:06 UTC)
https://wallpapers.want.foundation/wallpapers/contours-of-silence-5/,https://wallpapers.want.foundation/cdn-cgi/l/email-protection,404,04 Oct 2026 (21:06 UTC)
https://wallpapers.want.foundation/wallpapers/contours-of-silence-6/,https://wallpapers.want.foundation/cdn-cgi/l/email-protection,404,04 Oct 2026 (21:06 UTC)
https://wallpapers.want.foundation/wallpapers/contours-of-silence-7/,https://wallpapers.want.foundation/cdn-cgi/l/email-protection,404,04 Oct 2026 (21:06 UTC)
https://wallpapers.want.foundation/wallpapers/contours-of-silence-8/,https://wallpapers.want.foundation/cdn-cgi/l/email-protection,404,04 Oct 2026 (21:06 UTC)
https://wallpapers.want.foundation/wallpapers/contours-of-silence-9/,https://wallpapers.want.foundation/cdn-cgi/l/email-protection,404,04 Oct 2026 (21:06 UTC)
https://wallpapers.want.foundation/wallpapers/path-to-the-light-1/,https://wallpapers.want.foundation/cdn-cgi/l/email-protection,404,04 Oct 2026 (21:06 UTC)
https://wallpapers.want.foundation/wallpapers/path-to-the-light-2/,https://wallpapers.want.foundation/cdn-cgi/l/email-protection,404,04 Oct 2026 (21:06 UTC)
https://wallpapers.want.foundation/wallpapers/path-to-the-light-3/,https://wallpapers.want.foundation/cdn-cgi/l/email-protection,404,04 Oct 2026 (21:06 UTC)
https://wallpapers.want.foundation/wallpapers/path-to-the-light-4/,https://wallpapers.want.foundation/cdn-cgi/l/email-protection,404,04 Oct 2026 (21:06 UTC)
https://wallpapers.want.foundation/wallpapers/path-to-the-light-5/,https://wallpapers.want.foundation/cdn-cgi/l/email-protection,404,04 Oct 2026 (21:06 UTC)
https://wallpapers.want.foundation/wallpapers/woven-spectrum-1/,https://wallpapers.want.foundation/cdn-cgi/l/email-protection,404,04 Oct 2026 (21:06 UTC)
https://wallpapers.want.foundation/wallpapers/woven-spectrum-2/,https://wallpapers.want.foundation/cdn-cgi/l/email-protection,404,04 Oct 2026 (21:06 UTC)
https://wallpapers.want.foundation/wallpapers/woven-spectrum-3/,https://wallpapers.want.foundation/cdn-cgi/l/email-protection,404,04 Oct 2026 (21:06 UTC)
https://wallpapers.want.foundation/wallpapers/woven-spectrum-4/,https://wallpapers.want.foundation/cdn-cgi/l/email-protection,404,04 Oct 2026 (21:06 UTC)
https://wallpapers.want.foundation/wallpapers/woven-spectrum-5/,https://wallpapers.want.foundation/cdn-cgi/l/email-protection,404,04 Oct 2026 (21:06 UTC)
https://wallpapers.want.foundation/zh-cn/,https://wallpapers.want.foundation/cdn-cgi/l/email-protection,404,04 Oct 2026 (21:06 UTC)
https://wallpapers.want.foundation/zh-cn/collections/,https://wallpapers.want.foundation/cdn-cgi/l/email-protection,404,04 Oct 2026 (21:06 UTC)
https://wallpapers.want.foundation/zh-cn/collections/contours-of-silence/,https://wallpapers.want.foundation/cdn-cgi/l/email-protection,404,04 Oct 2026 (21:06 UTC)
https://wallpapers.want.foundation/zh-cn/collections/path-to-the-light/,https://wallpapers.want.foundation/cdn-cgi/l/email-protection,404,04 Oct 2026 (21:06 UTC)
https://wallpapers.want.foundation/zh-cn/collections/woven-spectrum/,https://wallpapers.want.foundation/cdn-cgi/l/email-protection,404,04 Oct 2026 (21:06 UTC)
https://wallpapers.want.foundation/zh-cn/contact/,https://wallpapers.want.foundation/cdn-cgi/l/email-protection,404,04 Oct 2026 (21:06 UTC)
https://wallpapers.want.foundation/zh-cn/cookies/,https://wallpapers.want.foundation/cdn-cgi/l/email-protection,404,04 Oct 2026 (21:06 UTC)
https://wallpapers.want.foundation/zh-cn/feedback/,https://wallpapers.want.foundation/cdn-cgi/l/email-protection,404,04 Oct 2026 (21:06 UTC)
https://wallpapers.want.foundation/zh-cn/license/,https://wallpapers.want.foundation/cdn-cgi/l/email-protection,404,04 Oct 2026 (21:06 UTC)
https://wallpapers.want.foundation/zh-cn/privacy/,https://wallpapers.want.foundation/cdn-cgi/l/email-protection,404,04 Oct 2026 (21:06 UTC)
https://wallpapers.want.foundation/zh-cn/search/,https://wallpapers.want.foundation/cdn-cgi/l/email-protection,404,04 Oct 2026 (21:06 UTC)
https://wallpapers.want.foundation/zh-cn/terms/,https://wallpapers.want.foundation/cdn-cgi/l/email-protection,404,04 Oct 2026 (21:06 UTC)
https://wallpapers.want.foundation/zh-cn/wallpapers/contours-of-silence-1/,https://wallpapers.want.foundation/cdn-cgi/l/email-protection,404,04 Oct 2026 (21:06 UTC)
https://wallpapers.want.foundation/zh-cn/wallpapers/contours-of-silence-11/,https://wallpapers.want.foundation/cdn-cgi/l/email-protection,404,04 Oct 2026 (21:06 UTC)
https://wallpapers.want.foundation/zh-cn/wallpapers/contours-of-silence-5/,https://wallpapers.want.foundation/cdn-cgi/l/email-protection,404,04 Oct 2026 (21:06 UTC)
https://wallpapers.want.foundation/zh-cn/wallpapers/path-to-the-light-1/,https://wallpapers.want.foundation/cdn-cgi/l/email-protection,404,04 Oct 2026 (21:06 UTC)
https://wallpapers.want.foundation/zh-cn/wallpapers/path-to-the-light-3/,https://wallpapers.want.foundation/cdn-cgi/l/email-protection,404,04 Oct 2026 (21:06 UTC)
https://wallpapers.want.foundation/zh-cn/wallpapers/woven-spectrum-1/,https://wallpapers.want.foundation/cdn-cgi/l/email-protection,404,04 Oct 2026 (21:06 UTC)
https://wallpapers.want.foundation/zh-cn/wallpapers/woven-spectrum-4/,https://wallpapers.want.foundation/cdn-cgi/l/email-protection,404,04 Oct 2026 (21:06 UTC)
