Page URL,Resource URL,Resource Type,Discovered
https://wallpapers.want.foundation/pt-br/wallpapers/contours-of-silence-5/,https://wallpapers.want.foundation/downloads/contours-of-silence-5-mobile.png,image,04 Oct 2026 (21:06 UTC)
https://wallpapers.want.foundation/pt-br/wallpapers/contours-of-silence-5/,https://want-foundation.s3.twcstorage.ru/wallpapers/assets/collections/0001-contours-of-silence/5-desktop.png,image,04 Oct 2026 (21:06 UTC)
https://wallpapers.want.foundation/pt-br/wallpapers/contours-of-silence-5/,https://wallpapers.want.foundation/downloads/contours-of-silence-5-desktop.png,image,04 Oct 2026 (21:06 UTC)
https://wallpapers.want.foundation/pt-br/wallpapers/path-to-the-light-1/,https://wallpapers.want.foundation/downloads/path-to-the-light-1-mobile.png,image,04 Oct 2026 (21:06 UTC)
https://wallpapers.want.foundation/pt-br/wallpapers/path-to-the-light-1/,https://want-foundation.s3.twcstorage.ru/wallpapers/assets/collections/0003-path-to-the-light/1-desktop.png,image,04 Oct 2026 (21:06 UTC)
https://wallpapers.want.foundation/pt-br/wallpapers/path-to-the-light-1/,https://wallpapers.want.foundation/downloads/path-to-the-light-1-desktop.png,image,04 Oct 2026 (21:06 UTC)
https://wallpapers.want.foundation/ru/wallpapers/contours-of-silence-1/,https://wallpapers.want.foundation/downloads/contours-of-silence-1-desktop.png,image,04 Oct 2026 (21:06 UTC)
https://wallpapers.want.foundation/ru/wallpapers/contours-of-silence-1/,https://want-foundation.s3.twcstorage.ru/wallpapers/assets/collections/0001-contours-of-silence/1-desktop.png,image,04 Oct 2026 (21:06 UTC)
https://wallpapers.want.foundation/ru/wallpapers/contours-of-silence-1/,https://wallpapers.want.foundation/downloads/contours-of-silence-1-mobile.png,image,04 Oct 2026 (21:06 UTC)
https://wallpapers.want.foundation/ru/wallpapers/contours-of-silence-11/,https://wallpapers.want.foundation/downloads/contours-of-silence-11-desktop.png,image,04 Oct 2026 (21:06 UTC)
https://wallpapers.want.foundation/ru/wallpapers/contours-of-silence-11/,https://want-foundation.s3.twcstorage.ru/wallpapers/assets/collections/0001-contours-of-silence/11-desktop.png,image,04 Oct 2026 (21:06 UTC)
https://wallpapers.want.foundation/ru/wallpapers/contours-of-silence-11/,https://wallpapers.want.foundation/downloads/contours-of-silence-11-mobile.png,image,04 Oct 2026 (21:06 UTC)
https://wallpapers.want.foundation/ru/wallpapers/contours-of-silence-5/,https://wallpapers.want.foundation/downloads/contours-of-silence-5-desktop.png,image,04 Oct 2026 (21:06 UTC)
https://wallpapers.want.foundation/ru/wallpapers/contours-of-silence-5/,https://want-foundation.s3.twcstorage.ru/wallpapers/assets/collections/0001-contours-of-silence/5-desktop.png,image,04 Oct 2026 (21:06 UTC)
https://wallpapers.want.foundation/ru/wallpapers/contours-of-silence-5/,https://wallpapers.want.foundation/downloads/contours-of-silence-5-mobile.png,image,04 Oct 2026 (21:06 UTC)
https://wallpapers.want.foundation/ru/wallpapers/path-to-the-light-1/,https://wallpapers.want.foundation/downloads/path-to-the-light-1-desktop.png,image,04 Oct 2026 (21:06 UTC)
https://wallpapers.want.foundation/ru/wallpapers/path-to-the-light-1/,https://want-foundation.s3.twcstorage.ru/wallpapers/assets/collections/0003-path-to-the-light/1-desktop.png,image,04 Oct 2026 (21:06 UTC)
https://wallpapers.want.foundation/ru/wallpapers/path-to-the-light-1/,https://wallpapers.want.foundation/downloads/path-to-the-light-1-mobile.png,image,04 Oct 2026 (21:06 UTC)
https://wallpapers.want.foundation/ru/wallpapers/path-to-the-light-3/,https://want-foundation.s3.twcstorage.ru/wallpapers/assets/collections/0003-path-to-the-light/3-desktop.png,image,04 Oct 2026 (21:06 UTC)
https://wallpapers.want.foundation/ru/wallpapers/path-to-the-light-3/,https://wallpapers.want.foundation/downloads/path-to-the-light-3-desktop.png,image,04 Oct 2026 (21:06 UTC)
https://wallpapers.want.foundation/ru/wallpapers/path-to-the-light-3/,https://wallpapers.want.foundation/downloads/path-to-the-light-3-mobile.png,image,04 Oct 2026 (21:06 UTC)
https://wallpapers.want.foundation/ru/wallpapers/woven-spectrum-1/,https://wallpapers.want.foundation/downloads/woven-spectrum-1-mobile.png,image,04 Oct 2026 (21:06 UTC)
https://wallpapers.want.foundation/ru/wallpapers/woven-spectrum-1/,https://want-foundation.s3.twcstorage.ru/wallpapers/assets/collections/0002-woven-spectrum/1-desktop.png,image,04 Oct 2026 (21:06 UTC)
https://wallpapers.want.foundation/ru/wallpapers/woven-spectrum-1/,https://wallpapers.want.foundation/downloads/woven-spectrum-1-desktop.png,image,04 Oct 2026 (21:06 UTC)
https://wallpapers.want.foundation/ru/wallpapers/woven-spectrum-4/,https://wallpapers.want.foundation/downloads/woven-spectrum-4-mobile.png,image,04 Oct 2026 (21:06 UTC)
https://wallpapers.want.foundation/ru/wallpapers/woven-spectrum-4/,https://want-foundation.s3.twcstorage.ru/wallpapers/assets/collections/0002-woven-spectrum/4-desktop.png,image,04 Oct 2026 (21:06 UTC)
https://wallpapers.want.foundation/ru/wallpapers/woven-spectrum-4/,https://wallpapers.want.foundation/downloads/woven-spectrum-4-desktop.png,image,04 Oct 2026 (21:06 UTC)
https://wallpapers.want.foundation/wallpapers/contours-of-silence-1/,https://wallpapers.want.foundation/downloads/contours-of-silence-1-mobile.png,image,04 Oct 2026 (21:06 UTC)
https://wallpapers.want.foundation/wallpapers/contours-of-silence-1/,https://want-foundation.s3.twcstorage.ru/wallpapers/assets/collections/0001-contours-of-silence/1-desktop.png,image,04 Oct 2026 (21:06 UTC)
https://wallpapers.want.foundation/wallpapers/contours-of-silence-1/,https://wallpapers.want.foundation/downloads/contours-of-silence-1-desktop.png,image,04 Oct 2026 (21:06 UTC)
https://wallpapers.want.foundation/wallpapers/contours-of-silence-10/,https://wallpapers.want.foundation/downloads/contours-of-silence-10-mobile.png,image,04 Oct 2026 (21:06 UTC)
https://wallpapers.want.foundation/wallpapers/contours-of-silence-10/,https://want-foundation.s3.twcstorage.ru/wallpapers/assets/collections/0001-contours-of-silence/10-desktop.png,image,04 Oct 2026 (21:06 UTC)
https://wallpapers.want.foundation/wallpapers/contours-of-silence-10/,https://wallpapers.want.foundation/downloads/contours-of-silence-10-desktop.png,image,04 Oct 2026 (21:06 UTC)
https://wallpapers.want.foundation/wallpapers/contours-of-silence-11/,https://want-foundation.s3.twcstorage.ru/wallpapers/assets/collections/0001-contours-of-silence/11-desktop.png,image,04 Oct 2026 (21:06 UTC)
https://wallpapers.want.foundation/wallpapers/contours-of-silence-11/,https://wallpapers.want.foundation/downloads/contours-of-silence-11-desktop.png,image,04 Oct 2026 (21:06 UTC)
https://wallpapers.want.foundation/wallpapers/contours-of-silence-11/,https://wallpapers.want.foundation/downloads/contours-of-silence-11-mobile.png,image,04 Oct 2026 (21:06 UTC)
https://wallpapers.want.foundation/wallpapers/contours-of-silence-12/,https://wallpapers.want.foundation/downloads/contours-of-silence-12-desktop.png,image,04 Oct 2026 (21:06 UTC)
https://wallpapers.want.foundation/wallpapers/contours-of-silence-12/,https://want-foundation.s3.twcstorage.ru/wallpapers/assets/collections/0001-contours-of-silence/12-desktop.png,image,04 Oct 2026 (21:06 UTC)
https://wallpapers.want.foundation/wallpapers/contours-of-silence-12/,https://wallpapers.want.foundation/downloads/contours-of-silence-12-mobile.png,image,04 Oct 2026 (21:06 UTC)
https://wallpapers.want.foundation/wallpapers/contours-of-silence-13/,https://wallpapers.want.foundation/downloads/contours-of-silence-13-mobile.png,image,04 Oct 2026 (21:06 UTC)
https://wallpapers.want.foundation/wallpapers/contours-of-silence-13/,https://want-foundation.s3.twcstorage.ru/wallpapers/assets/collections/0001-contours-of-silence/13-desktop.png,image,04 Oct 2026 (21:06 UTC)
https://wallpapers.want.foundation/wallpapers/contours-of-silence-13/,https://wallpapers.want.foundation/downloads/contours-of-silence-13-desktop.png,image,04 Oct 2026 (21:06 UTC)
https://wallpapers.want.foundation/wallpapers/contours-of-silence-14/,https://wallpapers.want.foundation/downloads/contours-of-silence-14-mobile.png,image,04 Oct 2026 (21:06 UTC)
https://wallpapers.want.foundation/wallpapers/contours-of-silence-14/,https://want-foundation.s3.twcstorage.ru/wallpapers/assets/collections/0001-contours-of-silence/14-desktop.png,image,04 Oct 2026 (21:06 UTC)
https://wallpapers.want.foundation/wallpapers/contours-of-silence-14/,https://wallpapers.want.foundation/downloads/contours-of-silence-14-desktop.png,image,04 Oct 2026 (21:06 UTC)
https://wallpapers.want.foundation/wallpapers/contours-of-silence-15/,https://wallpapers.want.foundation/downloads/contours-of-silence-15-mobile.png,image,04 Oct 2026 (21:06 UTC)
https://wallpapers.want.foundation/wallpapers/contours-of-silence-15/,https://want-foundation.s3.twcstorage.ru/wallpapers/assets/collections/0001-contours-of-silence/15-desktop.png,image,04 Oct 2026 (21:06 UTC)
https://wallpapers.want.foundation/wallpapers/contours-of-silence-15/,https://wallpapers.want.foundation/downloads/contours-of-silence-15-desktop.png,image,04 Oct 2026 (21:06 UTC)
https://wallpapers.want.foundation/wallpapers/contours-of-silence-2/,https://wallpapers.want.foundation/downloads/contours-of-silence-2-mobile.png,image,04 Oct 2026 (21:06 UTC)
https://wallpapers.want.foundation/wallpapers/contours-of-silence-2/,https://want-foundation.s3.twcstorage.ru/wallpapers/assets/collections/0001-contours-of-silence/2-desktop.png,image,04 Oct 2026 (21:06 UTC)
https://wallpapers.want.foundation/wallpapers/contours-of-silence-2/,https://wallpapers.want.foundation/downloads/contours-of-silence-2-desktop.png,image,04 Oct 2026 (21:06 UTC)
https://wallpapers.want.foundation/wallpapers/contours-of-silence-3/,https://want-foundation.s3.twcstorage.ru/wallpapers/assets/collections/0001-contours-of-silence/3-desktop.png,image,04 Oct 2026 (21:06 UTC)
https://wallpapers.want.foundation/wallpapers/contours-of-silence-3/,https://wallpapers.want.foundation/downloads/contours-of-silence-3-desktop.png,image,04 Oct 2026 (21:06 UTC)
https://wallpapers.want.foundation/wallpapers/contours-of-silence-3/,https://wallpapers.want.foundation/downloads/contours-of-silence-3-mobile.png,image,04 Oct 2026 (21:06 UTC)
https://wallpapers.want.foundation/wallpapers/contours-of-silence-4/,https://wallpapers.want.foundation/downloads/contours-of-silence-4-desktop.png,image,04 Oct 2026 (21:06 UTC)
https://wallpapers.want.foundation/wallpapers/contours-of-silence-4/,https://want-foundation.s3.twcstorage.ru/wallpapers/assets/collections/0001-contours-of-silence/4-desktop.png,image,04 Oct 2026 (21:06 UTC)
https://wallpapers.want.foundation/wallpapers/contours-of-silence-4/,https://wallpapers.want.foundation/downloads/contours-of-silence-4-mobile.png,image,04 Oct 2026 (21:06 UTC)
https://wallpapers.want.foundation/wallpapers/contours-of-silence-5/,https://wallpapers.want.foundation/downloads/contours-of-silence-5-desktop.png,image,04 Oct 2026 (21:06 UTC)
https://wallpapers.want.foundation/wallpapers/contours-of-silence-5/,https://want-foundation.s3.twcstorage.ru/wallpapers/assets/collections/0001-contours-of-silence/5-desktop.png,image,04 Oct 2026 (21:06 UTC)
https://wallpapers.want.foundation/wallpapers/contours-of-silence-5/,https://wallpapers.want.foundation/downloads/contours-of-silence-5-mobile.png,image,04 Oct 2026 (21:06 UTC)
https://wallpapers.want.foundation/wallpapers/contours-of-silence-6/,https://wallpapers.want.foundation/downloads/contours-of-silence-6-desktop.png,image,04 Oct 2026 (21:06 UTC)
https://wallpapers.want.foundation/wallpapers/contours-of-silence-6/,https://want-foundation.s3.twcstorage.ru/wallpapers/assets/collections/0001-contours-of-silence/6-desktop.png,image,04 Oct 2026 (21:06 UTC)
https://wallpapers.want.foundation/wallpapers/contours-of-silence-6/,https://wallpapers.want.foundation/downloads/contours-of-silence-6-mobile.png,image,04 Oct 2026 (21:06 UTC)
https://wallpapers.want.foundation/wallpapers/contours-of-silence-7/,https://want-foundation.s3.twcstorage.ru/wallpapers/assets/collections/0001-contours-of-silence/7-desktop.png,image,04 Oct 2026 (21:06 UTC)
https://wallpapers.want.foundation/wallpapers/contours-of-silence-7/,https://wallpapers.want.foundation/downloads/contours-of-silence-7-mobile.png,image,04 Oct 2026 (21:06 UTC)
https://wallpapers.want.foundation/wallpapers/contours-of-silence-7/,https://wallpapers.want.foundation/downloads/contours-of-silence-7-desktop.png,image,04 Oct 2026 (21:06 UTC)
https://wallpapers.want.foundation/wallpapers/contours-of-silence-8/,https://want-foundation.s3.twcstorage.ru/wallpapers/assets/collections/0001-contours-of-silence/8-desktop.png,image,04 Oct 2026 (21:06 UTC)
https://wallpapers.want.foundation/wallpapers/contours-of-silence-8/,https://wallpapers.want.foundation/downloads/contours-of-silence-8-desktop.png,image,04 Oct 2026 (21:06 UTC)
https://wallpapers.want.foundation/wallpapers/contours-of-silence-8/,https://wallpapers.want.foundation/downloads/contours-of-silence-8-mobile.png,image,04 Oct 2026 (21:06 UTC)
https://wallpapers.want.foundation/wallpapers/contours-of-silence-9/,https://wallpapers.want.foundation/downloads/contours-of-silence-9-mobile.png,image,04 Oct 2026 (21:06 UTC)
https://wallpapers.want.foundation/wallpapers/contours-of-silence-9/,https://want-foundation.s3.twcstorage.ru/wallpapers/assets/collections/0001-contours-of-silence/9-desktop.png,image,04 Oct 2026 (21:06 UTC)
https://wallpapers.want.foundation/wallpapers/contours-of-silence-9/,https://wallpapers.want.foundation/downloads/contours-of-silence-9-desktop.png,image,04 Oct 2026 (21:06 UTC)
https://wallpapers.want.foundation/wallpapers/path-to-the-light-1/,https://wallpapers.want.foundation/downloads/path-to-the-light-1-desktop.png,image,04 Oct 2026 (21:06 UTC)
https://wallpapers.want.foundation/wallpapers/path-to-the-light-1/,https://want-foundation.s3.twcstorage.ru/wallpapers/assets/collections/0003-path-to-the-light/1-desktop.png,image,04 Oct 2026 (21:06 UTC)
https://wallpapers.want.foundation/wallpapers/path-to-the-light-1/,https://wallpapers.want.foundation/downloads/path-to-the-light-1-mobile.png,image,04 Oct 2026 (21:06 UTC)
https://wallpapers.want.foundation/wallpapers/path-to-the-light-2/,https://want-foundation.s3.twcstorage.ru/wallpapers/assets/collections/0003-path-to-the-light/2-desktop.png,image,04 Oct 2026 (21:06 UTC)
https://wallpapers.want.foundation/wallpapers/path-to-the-light-2/,https://wallpapers.want.foundation/downloads/path-to-the-light-2-desktop.png,image,04 Oct 2026 (21:06 UTC)
https://wallpapers.want.foundation/wallpapers/path-to-the-light-2/,https://wallpapers.want.foundation/downloads/path-to-the-light-2-mobile.png,image,04 Oct 2026 (21:06 UTC)
https://wallpapers.want.foundation/wallpapers/path-to-the-light-3/,https://wallpapers.want.foundation/downloads/path-to-the-light-3-desktop.png,image,04 Oct 2026 (21:06 UTC)
https://wallpapers.want.foundation/wallpapers/path-to-the-light-3/,https://want-foundation.s3.twcstorage.ru/wallpapers/assets/collections/0003-path-to-the-light/3-desktop.png,image,04 Oct 2026 (21:06 UTC)
https://wallpapers.want.foundation/wallpapers/path-to-the-light-3/,https://wallpapers.want.foundation/downloads/path-to-the-light-3-mobile.png,image,04 Oct 2026 (21:06 UTC)
https://wallpapers.want.foundation/wallpapers/path-to-the-light-4/,https://want-foundation.s3.twcstorage.ru/wallpapers/assets/collections/0003-path-to-the-light/4-desktop.png,image,04 Oct 2026 (21:06 UTC)
https://wallpapers.want.foundation/wallpapers/path-to-the-light-4/,https://wallpapers.want.foundation/downloads/path-to-the-light-4-desktop.png,image,04 Oct 2026 (21:06 UTC)
https://wallpapers.want.foundation/wallpapers/path-to-the-light-4/,https://wallpapers.want.foundation/downloads/path-to-the-light-4-mobile.png,image,04 Oct 2026 (21:06 UTC)
https://wallpapers.want.foundation/wallpapers/path-to-the-light-5/,https://wallpapers.want.foundation/downloads/path-to-the-light-5-mobile.png,image,04 Oct 2026 (21:06 UTC)
https://wallpapers.want.foundation/wallpapers/path-to-the-light-5/,https://want-foundation.s3.twcstorage.ru/wallpapers/assets/collections/0003-path-to-the-light/5-desktop.png,image,04 Oct 2026 (21:06 UTC)
https://wallpapers.want.foundation/wallpapers/path-to-the-light-5/,https://wallpapers.want.foundation/downloads/path-to-the-light-5-desktop.png,image,04 Oct 2026 (21:06 UTC)
https://wallpapers.want.foundation/wallpapers/woven-spectrum-1/,https://want-foundation.s3.twcstorage.ru/wallpapers/assets/collections/0002-woven-spectrum/1-desktop.png,image,04 Oct 2026 (21:06 UTC)
https://wallpapers.want.foundation/wallpapers/woven-spectrum-1/,https://wallpapers.want.foundation/downloads/woven-spectrum-1-mobile.png,image,04 Oct 2026 (21:06 UTC)
https://wallpapers.want.foundation/wallpapers/woven-spectrum-1/,https://wallpapers.want.foundation/downloads/woven-spectrum-1-desktop.png,image,04 Oct 2026 (21:06 UTC)
https://wallpapers.want.foundation/wallpapers/woven-spectrum-2/,https://wallpapers.want.foundation/downloads/woven-spectrum-2-mobile.png,image,04 Oct 2026 (21:06 UTC)
https://wallpapers.want.foundation/wallpapers/woven-spectrum-2/,https://want-foundation.s3.twcstorage.ru/wallpapers/assets/collections/0002-woven-spectrum/2-desktop.png,image,04 Oct 2026 (21:06 UTC)
https://wallpapers.want.foundation/wallpapers/woven-spectrum-2/,https://wallpapers.want.foundation/downloads/woven-spectrum-2-desktop.png,image,04 Oct 2026 (21:06 UTC)
https://wallpapers.want.foundation/wallpapers/woven-spectrum-3/,https://wallpapers.want.foundation/downloads/woven-spectrum-3-mobile.png,image,04 Oct 2026 (21:06 UTC)
https://wallpapers.want.foundation/wallpapers/woven-spectrum-3/,https://want-foundation.s3.twcstorage.ru/wallpapers/assets/collections/0002-woven-spectrum/3-desktop.png,image,04 Oct 2026 (21:06 UTC)
https://wallpapers.want.foundation/wallpapers/woven-spectrum-3/,https://wallpapers.want.foundation/downloads/woven-spectrum-3-desktop.png,image,04 Oct 2026 (21:06 UTC)
https://wallpapers.want.foundation/wallpapers/woven-spectrum-4/,https://want-foundation.s3.twcstorage.ru/wallpapers/assets/collections/0002-woven-spectrum/4-desktop.png,image,04 Oct 2026 (21:06 UTC)
https://wallpapers.want.foundation/wallpapers/woven-spectrum-4/,https://wallpapers.want.foundation/downloads/woven-spectrum-4-mobile.png,image,04 Oct 2026 (21:06 UTC)
https://wallpapers.want.foundation/wallpapers/woven-spectrum-4/,https://wallpapers.want.foundation/downloads/woven-spectrum-4-desktop.png,image,04 Oct 2026 (21:06 UTC)
https://wallpapers.want.foundation/wallpapers/woven-spectrum-5/,https://wallpapers.want.foundation/downloads/woven-spectrum-5-desktop.png,image,04 Oct 2026 (21:06 UTC)
https://wallpapers.want.foundation/wallpapers/woven-spectrum-5/,https://wallpapers.want.foundation/downloads/woven-spectrum-5-mobile.png,image,04 Oct 2026 (21:06 UTC)
https://wallpapers.want.foundation/wallpapers/woven-spectrum-5/,https://want-foundation.s3.twcstorage.ru/wallpapers/assets/collections/0002-woven-spectrum/5-desktop.png,image,04 Oct 2026 (21:06 UTC)
https://wallpapers.want.foundation/zh-cn/wallpapers/contours-of-silence-1/,https://wallpapers.want.foundation/downloads/contours-of-silence-1-mobile.png,image,04 Oct 2026 (21:06 UTC)
https://wallpapers.want.foundation/zh-cn/wallpapers/contours-of-silence-1/,https://wallpapers.want.foundation/downloads/contours-of-silence-1-desktop.png,image,04 Oct 2026 (21:06 UTC)
https://wallpapers.want.foundation/zh-cn/wallpapers/contours-of-silence-1/,https://want-foundation.s3.twcstorage.ru/wallpapers/assets/collections/0001-contours-of-silence/1-desktop.png,image,04 Oct 2026 (21:06 UTC)
https://wallpapers.want.foundation/zh-cn/wallpapers/contours-of-silence-11/,https://wallpapers.want.foundation/downloads/contours-of-silence-11-desktop.png,image,04 Oct 2026 (21:06 UTC)
https://wallpapers.want.foundation/zh-cn/wallpapers/contours-of-silence-11/,https://want-foundation.s3.twcstorage.ru/wallpapers/assets/collections/0001-contours-of-silence/11-desktop.png,image,04 Oct 2026 (21:06 UTC)
https://wallpapers.want.foundation/zh-cn/wallpapers/contours-of-silence-11/,https://wallpapers.want.foundation/downloads/contours-of-silence-11-mobile.png,image,04 Oct 2026 (21:06 UTC)
https://wallpapers.want.foundation/zh-cn/wallpapers/contours-of-silence-5/,https://want-foundation.s3.twcstorage.ru/wallpapers/assets/collections/0001-contours-of-silence/5-desktop.png,image,04 Oct 2026 (21:06 UTC)
https://wallpapers.want.foundation/zh-cn/wallpapers/contours-of-silence-5/,https://wallpapers.want.foundation/downloads/contours-of-silence-5-desktop.png,image,04 Oct 2026 (21:06 UTC)
https://wallpapers.want.foundation/zh-cn/wallpapers/contours-of-silence-5/,https://wallpapers.want.foundation/downloads/contours-of-silence-5-mobile.png,image,04 Oct 2026 (21:06 UTC)
https://wallpapers.want.foundation/zh-cn/wallpapers/path-to-the-light-1/,https://wallpapers.want.foundation/downloads/path-to-the-light-1-mobile.png,image,04 Oct 2026 (21:06 UTC)
https://wallpapers.want.foundation/zh-cn/wallpapers/path-to-the-light-1/,https://want-foundation.s3.twcstorage.ru/wallpapers/assets/collections/0003-path-to-the-light/1-desktop.png,image,04 Oct 2026 (21:06 UTC)
https://wallpapers.want.foundation/zh-cn/wallpapers/path-to-the-light-1/,https://wallpapers.want.foundation/downloads/path-to-the-light-1-desktop.png,image,04 Oct 2026 (21:06 UTC)
https://wallpapers.want.foundation/zh-cn/wallpapers/path-to-the-light-3/,https://want-foundation.s3.twcstorage.ru/wallpapers/assets/collections/0003-path-to-the-light/3-desktop.png,image,04 Oct 2026 (21:06 UTC)
https://wallpapers.want.foundation/zh-cn/wallpapers/path-to-the-light-3/,https://wallpapers.want.foundation/downloads/path-to-the-light-3-mobile.png,image,04 Oct 2026 (21:06 UTC)
https://wallpapers.want.foundation/zh-cn/wallpapers/path-to-the-light-3/,https://wallpapers.want.foundation/downloads/path-to-the-light-3-desktop.png,image,04 Oct 2026 (21:06 UTC)
https://wallpapers.want.foundation/zh-cn/wallpapers/woven-spectrum-1/,https://wallpapers.want.foundation/downloads/woven-spectrum-1-mobile.png,image,04 Oct 2026 (21:06 UTC)
https://wallpapers.want.foundation/zh-cn/wallpapers/woven-spectrum-1/,https://want-foundation.s3.twcstorage.ru/wallpapers/assets/collections/0002-woven-spectrum/1-desktop.png,image,04 Oct 2026 (21:06 UTC)
https://wallpapers.want.foundation/zh-cn/wallpapers/woven-spectrum-1/,https://wallpapers.want.foundation/downloads/woven-spectrum-1-desktop.png,image,04 Oct 2026 (21:06 UTC)
https://wallpapers.want.foundation/zh-cn/wallpapers/woven-spectrum-4/,https://wallpapers.want.foundation/downloads/woven-spectrum-4-desktop.png,image,04 Oct 2026 (21:06 UTC)
https://wallpapers.want.foundation/zh-cn/wallpapers/woven-spectrum-4/,https://want-foundation.s3.twcstorage.ru/wallpapers/assets/collections/0002-woven-spectrum/4-desktop.png,image,04 Oct 2026 (21:06 UTC)
https://wallpapers.want.foundation/zh-cn/wallpapers/woven-spectrum-4/,https://wallpapers.want.foundation/downloads/woven-spectrum-4-mobile.png,image,04 Oct 2026 (21:06 UTC)
