Page URL,Detected Language,Hreflang Code,Discovered
https://wallpapers.want.foundation/zh-cn/collections/,no,zh-cn,"Oct 5, 2026, 12:06"
https://wallpapers.want.foundation/zh-cn/collections/contours-of-silence/,en,zh-cn,"Oct 5, 2026, 12:06"
https://wallpapers.want.foundation/zh-cn/collections/path-to-the-light/,no,zh-cn,"Oct 5, 2026, 12:06"
https://wallpapers.want.foundation/zh-cn/collections/woven-spectrum/,no,zh-cn,"Oct 5, 2026, 12:06"
https://wallpapers.want.foundation/zh-cn/contact/,en,zh-cn,"Oct 5, 2026, 12:06"
https://wallpapers.want.foundation/zh-cn/cookies/,en,zh-cn,"Oct 5, 2026, 12:06"
https://wallpapers.want.foundation/zh-cn/feedback/,en,zh-cn,"Oct 5, 2026, 12:06"
https://wallpapers.want.foundation/zh-cn/license/,en,zh-cn,"Oct 5, 2026, 12:06"
https://wallpapers.want.foundation/zh-cn/privacy/,no,zh-cn,"Oct 5, 2026, 12:06"
https://wallpapers.want.foundation/zh-cn/terms/,no,zh-cn,"Oct 5, 2026, 12:06"
https://wallpapers.want.foundation/zh-cn/wallpapers/contours-of-silence-1/,en,zh-cn,"Oct 5, 2026, 12:06"
https://wallpapers.want.foundation/zh-cn/wallpapers/contours-of-silence-11/,en,zh-cn,"Oct 5, 2026, 12:06"
https://wallpapers.want.foundation/zh-cn/wallpapers/contours-of-silence-5/,no,zh-cn,"Oct 5, 2026, 12:06"
https://wallpapers.want.foundation/zh-cn/wallpapers/path-to-the-light-1/,no,zh-cn,"Oct 5, 2026, 12:06"
https://wallpapers.want.foundation/zh-cn/wallpapers/path-to-the-light-3/,no,zh-cn,"Oct 5, 2026, 12:06"
https://wallpapers.want.foundation/zh-cn/wallpapers/woven-spectrum-1/,no,zh-cn,"Oct 5, 2026, 12:06"
https://wallpapers.want.foundation/zh-cn/wallpapers/woven-spectrum-4/,no,zh-cn,"Oct 5, 2026, 12:06"
