Page URL,Ratio,Discovered
https://wallpapers.want.foundation/,0.04,04 Oct 2026 (21:06 UTC)
https://wallpapers.want.foundation/collections/,0.02,04 Oct 2026 (21:06 UTC)
https://wallpapers.want.foundation/collections/contours-of-silence/,0.02,04 Oct 2026 (21:06 UTC)
https://wallpapers.want.foundation/collections/path-to-the-light/,0.02,04 Oct 2026 (21:06 UTC)
https://wallpapers.want.foundation/collections/woven-spectrum/,0.02,04 Oct 2026 (21:06 UTC)
https://wallpapers.want.foundation/contact/,0.02,04 Oct 2026 (21:06 UTC)
https://wallpapers.want.foundation/cookies/,0.04,04 Oct 2026 (21:06 UTC)
https://wallpapers.want.foundation/feedback/,0.02,04 Oct 2026 (21:06 UTC)
https://wallpapers.want.foundation/license/,0.03,04 Oct 2026 (21:06 UTC)
https://wallpapers.want.foundation/privacy/,0.05,04 Oct 2026 (21:06 UTC)
https://wallpapers.want.foundation/pt-br/,0.04,04 Oct 2026 (21:06 UTC)
https://wallpapers.want.foundation/pt-br/collections/contours-of-silence/,0.02,04 Oct 2026 (21:06 UTC)
https://wallpapers.want.foundation/pt-br/collections/woven-spectrum/,0.02,04 Oct 2026 (21:06 UTC)
https://wallpapers.want.foundation/pt-br/contact/,0.02,04 Oct 2026 (21:06 UTC)
https://wallpapers.want.foundation/pt-br/cookies/,0.04,04 Oct 2026 (21:06 UTC)
https://wallpapers.want.foundation/pt-br/license/,0.03,04 Oct 2026 (21:06 UTC)
https://wallpapers.want.foundation/pt-br/privacy/,0.06,04 Oct 2026 (21:06 UTC)
https://wallpapers.want.foundation/pt-br/search/,0.02,04 Oct 2026 (21:06 UTC)
https://wallpapers.want.foundation/pt-br/terms/,0.03,04 Oct 2026 (21:06 UTC)
https://wallpapers.want.foundation/pt-br/wallpapers/contours-of-silence-5/,0.02,04 Oct 2026 (21:06 UTC)
https://wallpapers.want.foundation/pt-br/wallpapers/path-to-the-light-1/,0.02,04 Oct 2026 (21:06 UTC)
https://wallpapers.want.foundation/ru/,0.04,04 Oct 2026 (21:06 UTC)
https://wallpapers.want.foundation/ru/collections/,0.02,04 Oct 2026 (21:06 UTC)
https://wallpapers.want.foundation/ru/collections/contours-of-silence/,0.02,04 Oct 2026 (21:06 UTC)
https://wallpapers.want.foundation/ru/collections/path-to-the-light/,0.02,04 Oct 2026 (21:06 UTC)
https://wallpapers.want.foundation/ru/collections/woven-spectrum/,0.02,04 Oct 2026 (21:06 UTC)
https://wallpapers.want.foundation/ru/contact/,0.02,04 Oct 2026 (21:06 UTC)
https://wallpapers.want.foundation/ru/cookies/,0.04,04 Oct 2026 (21:06 UTC)
https://wallpapers.want.foundation/ru/feedback/,0.02,04 Oct 2026 (21:06 UTC)
https://wallpapers.want.foundation/ru/license/,0.03,04 Oct 2026 (21:06 UTC)
https://wallpapers.want.foundation/ru/privacy/,0.06,04 Oct 2026 (21:06 UTC)
https://wallpapers.want.foundation/ru/search/,0.02,04 Oct 2026 (21:06 UTC)
https://wallpapers.want.foundation/ru/terms/,0.03,04 Oct 2026 (21:06 UTC)
https://wallpapers.want.foundation/ru/wallpapers/contours-of-silence-1/,0.02,04 Oct 2026 (21:06 UTC)
https://wallpapers.want.foundation/ru/wallpapers/contours-of-silence-11/,0.02,04 Oct 2026 (21:06 UTC)
https://wallpapers.want.foundation/ru/wallpapers/contours-of-silence-5/,0.02,04 Oct 2026 (21:06 UTC)
https://wallpapers.want.foundation/ru/wallpapers/path-to-the-light-1/,0.02,04 Oct 2026 (21:06 UTC)
https://wallpapers.want.foundation/ru/wallpapers/path-to-the-light-3/,0.02,04 Oct 2026 (21:06 UTC)
https://wallpapers.want.foundation/ru/wallpapers/woven-spectrum-1/,0.02,04 Oct 2026 (21:06 UTC)
https://wallpapers.want.foundation/ru/wallpapers/woven-spectrum-4/,0.02,04 Oct 2026 (21:06 UTC)
https://wallpapers.want.foundation/search/,0.02,04 Oct 2026 (21:06 UTC)
https://wallpapers.want.foundation/search/?category=fantasy,0.02,04 Oct 2026 (21:06 UTC)
https://wallpapers.want.foundation/search/?q=city,0.02,04 Oct 2026 (21:06 UTC)
https://wallpapers.want.foundation/search/?q=colour,0.02,04 Oct 2026 (21:06 UTC)
https://wallpapers.want.foundation/search/?q=journey,0.02,04 Oct 2026 (21:06 UTC)
https://wallpapers.want.foundation/search/?q=light,0.02,04 Oct 2026 (21:06 UTC)
https://wallpapers.want.foundation/search/?q=night,0.02,04 Oct 2026 (21:06 UTC)
https://wallpapers.want.foundation/search/?q=portal,0.02,04 Oct 2026 (21:06 UTC)
https://wallpapers.want.foundation/search/?q=stone,0.02,04 Oct 2026 (21:06 UTC)
https://wallpapers.want.foundation/search/?q=sun,0.02,04 Oct 2026 (21:06 UTC)
https://wallpapers.want.foundation/terms/,0.03,04 Oct 2026 (21:06 UTC)
https://wallpapers.want.foundation/wallpapers/contours-of-silence-1/,0.02,04 Oct 2026 (21:06 UTC)
https://wallpapers.want.foundation/wallpapers/contours-of-silence-10/,0.02,04 Oct 2026 (21:06 UTC)
https://wallpapers.want.foundation/wallpapers/contours-of-silence-11/,0.02,04 Oct 2026 (21:06 UTC)
https://wallpapers.want.foundation/wallpapers/contours-of-silence-12/,0.02,04 Oct 2026 (21:06 UTC)
https://wallpapers.want.foundation/wallpapers/contours-of-silence-13/,0.02,04 Oct 2026 (21:06 UTC)
https://wallpapers.want.foundation/wallpapers/contours-of-silence-14/,0.02,04 Oct 2026 (21:06 UTC)
https://wallpapers.want.foundation/wallpapers/contours-of-silence-15/,0.02,04 Oct 2026 (21:06 UTC)
https://wallpapers.want.foundation/wallpapers/contours-of-silence-2/,0.02,04 Oct 2026 (21:06 UTC)
https://wallpapers.want.foundation/wallpapers/contours-of-silence-3/,0.02,04 Oct 2026 (21:06 UTC)
https://wallpapers.want.foundation/wallpapers/contours-of-silence-4/,0.02,04 Oct 2026 (21:06 UTC)
https://wallpapers.want.foundation/wallpapers/contours-of-silence-5/,0.02,04 Oct 2026 (21:06 UTC)
https://wallpapers.want.foundation/wallpapers/contours-of-silence-6/,0.02,04 Oct 2026 (21:06 UTC)
https://wallpapers.want.foundation/wallpapers/contours-of-silence-7/,0.02,04 Oct 2026 (21:06 UTC)
https://wallpapers.want.foundation/wallpapers/contours-of-silence-8/,0.02,04 Oct 2026 (21:06 UTC)
https://wallpapers.want.foundation/wallpapers/contours-of-silence-9/,0.02,04 Oct 2026 (21:06 UTC)
https://wallpapers.want.foundation/wallpapers/path-to-the-light-1/,0.02,04 Oct 2026 (21:06 UTC)
https://wallpapers.want.foundation/wallpapers/path-to-the-light-2/,0.02,04 Oct 2026 (21:06 UTC)
https://wallpapers.want.foundation/wallpapers/path-to-the-light-3/,0.02,04 Oct 2026 (21:06 UTC)
https://wallpapers.want.foundation/wallpapers/path-to-the-light-4/,0.02,04 Oct 2026 (21:06 UTC)
https://wallpapers.want.foundation/wallpapers/path-to-the-light-5/,0.02,04 Oct 2026 (21:06 UTC)
https://wallpapers.want.foundation/wallpapers/woven-spectrum-1/,0.02,04 Oct 2026 (21:06 UTC)
https://wallpapers.want.foundation/wallpapers/woven-spectrum-2/,0.02,04 Oct 2026 (21:06 UTC)
https://wallpapers.want.foundation/wallpapers/woven-spectrum-3/,0.02,04 Oct 2026 (21:06 UTC)
https://wallpapers.want.foundation/wallpapers/woven-spectrum-4/,0.02,04 Oct 2026 (21:06 UTC)
https://wallpapers.want.foundation/wallpapers/woven-spectrum-5/,0.02,04 Oct 2026 (21:06 UTC)
https://wallpapers.want.foundation/zh-cn/,0.02,04 Oct 2026 (21:06 UTC)
https://wallpapers.want.foundation/zh-cn/collections/,0.01,04 Oct 2026 (21:06 UTC)
https://wallpapers.want.foundation/zh-cn/collections/contours-of-silence/,0.01,04 Oct 2026 (21:06 UTC)
https://wallpapers.want.foundation/zh-cn/collections/path-to-the-light/,0.01,04 Oct 2026 (21:06 UTC)
https://wallpapers.want.foundation/zh-cn/collections/woven-spectrum/,0.01,04 Oct 2026 (21:06 UTC)
https://wallpapers.want.foundation/zh-cn/contact/,0.01,04 Oct 2026 (21:06 UTC)
https://wallpapers.want.foundation/zh-cn/cookies/,0.02,04 Oct 2026 (21:06 UTC)
https://wallpapers.want.foundation/zh-cn/feedback/,0.01,04 Oct 2026 (21:06 UTC)
https://wallpapers.want.foundation/zh-cn/license/,0.01,04 Oct 2026 (21:06 UTC)
https://wallpapers.want.foundation/zh-cn/privacy/,0.02,04 Oct 2026 (21:06 UTC)
https://wallpapers.want.foundation/zh-cn/search/,0.01,04 Oct 2026 (21:06 UTC)
https://wallpapers.want.foundation/zh-cn/terms/,0.01,04 Oct 2026 (21:06 UTC)
https://wallpapers.want.foundation/zh-cn/wallpapers/contours-of-silence-1/,0.01,04 Oct 2026 (21:06 UTC)
https://wallpapers.want.foundation/zh-cn/wallpapers/contours-of-silence-11/,0.01,04 Oct 2026 (21:06 UTC)
https://wallpapers.want.foundation/zh-cn/wallpapers/contours-of-silence-5/,0.01,04 Oct 2026 (21:06 UTC)
https://wallpapers.want.foundation/zh-cn/wallpapers/path-to-the-light-1/,0.01,04 Oct 2026 (21:06 UTC)
https://wallpapers.want.foundation/zh-cn/wallpapers/path-to-the-light-3/,0.01,04 Oct 2026 (21:06 UTC)
https://wallpapers.want.foundation/zh-cn/wallpapers/woven-spectrum-1/,0.01,04 Oct 2026 (21:06 UTC)
https://wallpapers.want.foundation/zh-cn/wallpapers/woven-spectrum-4/,0.01,04 Oct 2026 (21:06 UTC)
