Page URL,Hreflang,Issue Type,Discovered
https://wallpapers.want.foundation/search/?category=fantasy,,No self-referencing hreflang,04 Oct 2026 (21:06 UTC)
https://wallpapers.want.foundation/search/?q=city,,No self-referencing hreflang,04 Oct 2026 (21:06 UTC)
https://wallpapers.want.foundation/search/?q=colour,,No self-referencing hreflang,04 Oct 2026 (21:06 UTC)
https://wallpapers.want.foundation/search/?q=journey,,No self-referencing hreflang,04 Oct 2026 (21:06 UTC)
https://wallpapers.want.foundation/search/?q=light,,No self-referencing hreflang,04 Oct 2026 (21:06 UTC)
https://wallpapers.want.foundation/search/?q=night,,No self-referencing hreflang,04 Oct 2026 (21:06 UTC)
https://wallpapers.want.foundation/search/?q=portal,,No self-referencing hreflang,04 Oct 2026 (21:06 UTC)
https://wallpapers.want.foundation/search/?q=stone,,No self-referencing hreflang,04 Oct 2026 (21:06 UTC)
https://wallpapers.want.foundation/search/?q=sun,,No self-referencing hreflang,04 Oct 2026 (21:06 UTC)
https://wallpapers.want.foundation/search/?category=fantasy,en,Conflicting hreflang and rel=canonical,04 Oct 2026 (21:06 UTC)
https://wallpapers.want.foundation/search/?q=city,en,Conflicting hreflang and rel=canonical,04 Oct 2026 (21:06 UTC)
https://wallpapers.want.foundation/search/?q=colour,en,Conflicting hreflang and rel=canonical,04 Oct 2026 (21:06 UTC)
https://wallpapers.want.foundation/search/?q=journey,en,Conflicting hreflang and rel=canonical,04 Oct 2026 (21:06 UTC)
https://wallpapers.want.foundation/search/?q=light,en,Conflicting hreflang and rel=canonical,04 Oct 2026 (21:06 UTC)
https://wallpapers.want.foundation/search/?q=night,en,Conflicting hreflang and rel=canonical,04 Oct 2026 (21:06 UTC)
https://wallpapers.want.foundation/search/?q=portal,en,Conflicting hreflang and rel=canonical,04 Oct 2026 (21:06 UTC)
https://wallpapers.want.foundation/search/?q=stone,en,Conflicting hreflang and rel=canonical,04 Oct 2026 (21:06 UTC)
https://wallpapers.want.foundation/search/?q=sun,en,Conflicting hreflang and rel=canonical,04 Oct 2026 (21:06 UTC)
https://wallpapers.want.foundation/search/?category=fantasy,x-default,Conflicting hreflang and rel=canonical,04 Oct 2026 (21:06 UTC)
https://wallpapers.want.foundation/search/?q=city,x-default,Conflicting hreflang and rel=canonical,04 Oct 2026 (21:06 UTC)
https://wallpapers.want.foundation/search/?q=colour,x-default,Conflicting hreflang and rel=canonical,04 Oct 2026 (21:06 UTC)
https://wallpapers.want.foundation/search/?q=journey,x-default,Conflicting hreflang and rel=canonical,04 Oct 2026 (21:06 UTC)
https://wallpapers.want.foundation/search/?q=light,x-default,Conflicting hreflang and rel=canonical,04 Oct 2026 (21:06 UTC)
https://wallpapers.want.foundation/search/?q=night,x-default,Conflicting hreflang and rel=canonical,04 Oct 2026 (21:06 UTC)
https://wallpapers.want.foundation/search/?q=portal,x-default,Conflicting hreflang and rel=canonical,04 Oct 2026 (21:06 UTC)
https://wallpapers.want.foundation/search/?q=stone,x-default,Conflicting hreflang and rel=canonical,04 Oct 2026 (21:06 UTC)
https://wallpapers.want.foundation/search/?q=sun,x-default,Conflicting hreflang and rel=canonical,04 Oct 2026 (21:06 UTC)
