Page URL,Words number,Discovered
https://wallpapers.want.foundation/collections/,72,04 Oct 2026 (21:06 UTC)
https://wallpapers.want.foundation/collections/contours-of-silence/,103,04 Oct 2026 (21:06 UTC)
https://wallpapers.want.foundation/collections/path-to-the-light/,66,04 Oct 2026 (21:06 UTC)
https://wallpapers.want.foundation/collections/woven-spectrum/,62,04 Oct 2026 (21:06 UTC)
https://wallpapers.want.foundation/contact/,42,04 Oct 2026 (21:06 UTC)
https://wallpapers.want.foundation/cookies/,110,04 Oct 2026 (21:06 UTC)
https://wallpapers.want.foundation/feedback/,53,04 Oct 2026 (21:06 UTC)
https://wallpapers.want.foundation/license/,84,04 Oct 2026 (21:06 UTC)
https://wallpapers.want.foundation/privacy/,171,04 Oct 2026 (21:06 UTC)
https://wallpapers.want.foundation/pt-br/collections/contours-of-silence/,102,04 Oct 2026 (21:06 UTC)
https://wallpapers.want.foundation/pt-br/collections/woven-spectrum/,59,04 Oct 2026 (21:06 UTC)
https://wallpapers.want.foundation/pt-br/contact/,45,04 Oct 2026 (21:06 UTC)
https://wallpapers.want.foundation/pt-br/cookies/,105,04 Oct 2026 (21:06 UTC)
https://wallpapers.want.foundation/pt-br/license/,88,04 Oct 2026 (21:06 UTC)
https://wallpapers.want.foundation/pt-br/privacy/,166,04 Oct 2026 (21:06 UTC)
https://wallpapers.want.foundation/pt-br/search/,136,04 Oct 2026 (21:06 UTC)
https://wallpapers.want.foundation/pt-br/terms/,84,04 Oct 2026 (21:06 UTC)
https://wallpapers.want.foundation/pt-br/wallpapers/contours-of-silence-5/,78,04 Oct 2026 (21:06 UTC)
https://wallpapers.want.foundation/pt-br/wallpapers/path-to-the-light-1/,85,04 Oct 2026 (21:06 UTC)
https://wallpapers.want.foundation/ru/collections/,71,04 Oct 2026 (21:06 UTC)
https://wallpapers.want.foundation/ru/collections/contours-of-silence/,105,04 Oct 2026 (21:06 UTC)
https://wallpapers.want.foundation/ru/collections/path-to-the-light/,68,04 Oct 2026 (21:06 UTC)
https://wallpapers.want.foundation/ru/collections/woven-spectrum/,64,04 Oct 2026 (21:06 UTC)
https://wallpapers.want.foundation/ru/contact/,45,04 Oct 2026 (21:06 UTC)
https://wallpapers.want.foundation/ru/cookies/,109,04 Oct 2026 (21:06 UTC)
https://wallpapers.want.foundation/ru/feedback/,55,04 Oct 2026 (21:06 UTC)
https://wallpapers.want.foundation/ru/license/,83,04 Oct 2026 (21:06 UTC)
https://wallpapers.want.foundation/ru/privacy/,164,04 Oct 2026 (21:06 UTC)
https://wallpapers.want.foundation/ru/search/,142,04 Oct 2026 (21:06 UTC)
https://wallpapers.want.foundation/ru/terms/,84,04 Oct 2026 (21:06 UTC)
https://wallpapers.want.foundation/ru/wallpapers/contours-of-silence-1/,80,04 Oct 2026 (21:06 UTC)
https://wallpapers.want.foundation/ru/wallpapers/contours-of-silence-11/,81,04 Oct 2026 (21:06 UTC)
https://wallpapers.want.foundation/ru/wallpapers/contours-of-silence-5/,81,04 Oct 2026 (21:06 UTC)
https://wallpapers.want.foundation/ru/wallpapers/path-to-the-light-1/,87,04 Oct 2026 (21:06 UTC)
https://wallpapers.want.foundation/ru/wallpapers/path-to-the-light-3/,89,04 Oct 2026 (21:06 UTC)
https://wallpapers.want.foundation/ru/wallpapers/woven-spectrum-1/,81,04 Oct 2026 (21:06 UTC)
https://wallpapers.want.foundation/ru/wallpapers/woven-spectrum-4/,81,04 Oct 2026 (21:06 UTC)
https://wallpapers.want.foundation/search/,137,04 Oct 2026 (21:06 UTC)
https://wallpapers.want.foundation/search/?category=fantasy,137,04 Oct 2026 (21:06 UTC)
https://wallpapers.want.foundation/search/?q=city,137,04 Oct 2026 (21:06 UTC)
https://wallpapers.want.foundation/search/?q=colour,137,04 Oct 2026 (21:06 UTC)
https://wallpapers.want.foundation/search/?q=journey,137,04 Oct 2026 (21:06 UTC)
https://wallpapers.want.foundation/search/?q=light,137,04 Oct 2026 (21:06 UTC)
https://wallpapers.want.foundation/search/?q=night,137,04 Oct 2026 (21:06 UTC)
https://wallpapers.want.foundation/search/?q=portal,137,04 Oct 2026 (21:06 UTC)
https://wallpapers.want.foundation/search/?q=stone,137,04 Oct 2026 (21:06 UTC)
https://wallpapers.want.foundation/search/?q=sun,137,04 Oct 2026 (21:06 UTC)
https://wallpapers.want.foundation/terms/,81,04 Oct 2026 (21:06 UTC)
https://wallpapers.want.foundation/wallpapers/contours-of-silence-1/,78,04 Oct 2026 (21:06 UTC)
https://wallpapers.want.foundation/wallpapers/contours-of-silence-10/,75,04 Oct 2026 (21:06 UTC)
https://wallpapers.want.foundation/wallpapers/contours-of-silence-11/,76,04 Oct 2026 (21:06 UTC)
https://wallpapers.want.foundation/wallpapers/contours-of-silence-12/,76,04 Oct 2026 (21:06 UTC)
https://wallpapers.want.foundation/wallpapers/contours-of-silence-13/,78,04 Oct 2026 (21:06 UTC)
https://wallpapers.want.foundation/wallpapers/contours-of-silence-14/,77,04 Oct 2026 (21:06 UTC)
https://wallpapers.want.foundation/wallpapers/contours-of-silence-15/,77,04 Oct 2026 (21:06 UTC)
https://wallpapers.want.foundation/wallpapers/contours-of-silence-2/,76,04 Oct 2026 (21:06 UTC)
https://wallpapers.want.foundation/wallpapers/contours-of-silence-3/,77,04 Oct 2026 (21:06 UTC)
https://wallpapers.want.foundation/wallpapers/contours-of-silence-4/,77,04 Oct 2026 (21:06 UTC)
https://wallpapers.want.foundation/wallpapers/contours-of-silence-5/,79,04 Oct 2026 (21:06 UTC)
https://wallpapers.want.foundation/wallpapers/contours-of-silence-6/,76,04 Oct 2026 (21:06 UTC)
https://wallpapers.want.foundation/wallpapers/contours-of-silence-7/,76,04 Oct 2026 (21:06 UTC)
https://wallpapers.want.foundation/wallpapers/contours-of-silence-8/,78,04 Oct 2026 (21:06 UTC)
https://wallpapers.want.foundation/wallpapers/contours-of-silence-9/,78,04 Oct 2026 (21:06 UTC)
https://wallpapers.want.foundation/wallpapers/path-to-the-light-1/,84,04 Oct 2026 (21:06 UTC)
https://wallpapers.want.foundation/wallpapers/path-to-the-light-2/,80,04 Oct 2026 (21:06 UTC)
https://wallpapers.want.foundation/wallpapers/path-to-the-light-3/,85,04 Oct 2026 (21:06 UTC)
https://wallpapers.want.foundation/wallpapers/path-to-the-light-4/,82,04 Oct 2026 (21:06 UTC)
https://wallpapers.want.foundation/wallpapers/path-to-the-light-5/,80,04 Oct 2026 (21:06 UTC)
https://wallpapers.want.foundation/wallpapers/woven-spectrum-1/,79,04 Oct 2026 (21:06 UTC)
https://wallpapers.want.foundation/wallpapers/woven-spectrum-2/,78,04 Oct 2026 (21:06 UTC)
https://wallpapers.want.foundation/wallpapers/woven-spectrum-3/,78,04 Oct 2026 (21:06 UTC)
https://wallpapers.want.foundation/wallpapers/woven-spectrum-4/,78,04 Oct 2026 (21:06 UTC)
https://wallpapers.want.foundation/wallpapers/woven-spectrum-5/,77,04 Oct 2026 (21:06 UTC)
https://wallpapers.want.foundation/zh-cn/,70,04 Oct 2026 (21:06 UTC)
https://wallpapers.want.foundation/zh-cn/collections/,25,04 Oct 2026 (21:06 UTC)
https://wallpapers.want.foundation/zh-cn/collections/contours-of-silence/,51,04 Oct 2026 (21:06 UTC)
https://wallpapers.want.foundation/zh-cn/collections/path-to-the-light/,32,04 Oct 2026 (21:06 UTC)
https://wallpapers.want.foundation/zh-cn/collections/woven-spectrum/,31,04 Oct 2026 (21:06 UTC)
https://wallpapers.want.foundation/zh-cn/contact/,24,04 Oct 2026 (21:06 UTC)
https://wallpapers.want.foundation/zh-cn/cookies/,34,04 Oct 2026 (21:06 UTC)
https://wallpapers.want.foundation/zh-cn/feedback/,28,04 Oct 2026 (21:06 UTC)
https://wallpapers.want.foundation/zh-cn/license/,26,04 Oct 2026 (21:06 UTC)
https://wallpapers.want.foundation/zh-cn/privacy/,48,04 Oct 2026 (21:06 UTC)
https://wallpapers.want.foundation/zh-cn/search/,69,04 Oct 2026 (21:06 UTC)
https://wallpapers.want.foundation/zh-cn/terms/,28,04 Oct 2026 (21:06 UTC)
https://wallpapers.want.foundation/zh-cn/wallpapers/contours-of-silence-1/,36,04 Oct 2026 (21:06 UTC)
https://wallpapers.want.foundation/zh-cn/wallpapers/contours-of-silence-11/,33,04 Oct 2026 (21:06 UTC)
https://wallpapers.want.foundation/zh-cn/wallpapers/contours-of-silence-5/,35,04 Oct 2026 (21:06 UTC)
https://wallpapers.want.foundation/zh-cn/wallpapers/path-to-the-light-1/,35,04 Oct 2026 (21:06 UTC)
https://wallpapers.want.foundation/zh-cn/wallpapers/path-to-the-light-3/,35,04 Oct 2026 (21:06 UTC)
https://wallpapers.want.foundation/zh-cn/wallpapers/woven-spectrum-1/,36,04 Oct 2026 (21:06 UTC)
https://wallpapers.want.foundation/zh-cn/wallpapers/woven-spectrum-4/,35,04 Oct 2026 (21:06 UTC)
